{
  "session_id": "5058a1eb-e641-4ca6-804c-e590ae328309",
  "timestamp": "20250725_205940",
  "data": "    id       date category subject  amount\n0    1  2025/6/30       支出      食費    4341\n1    2  2025/6/30       支出     光熱費     985\n2    3  2025/6/30       支出     手数料     220\n3    4  2025/6/30       支出     光熱費    6250\n4    5  2025/6/30       支出      食費    2043\n5    6  2025/6/30       支出      食費     220\n6    7  2025/6/30       支出      食費     906\n7    8  2025/6/30       支出     被服費     416\n8    9  2025/6/30       支出      食費    6498\n9   10  2025/6/30       支出     光熱費    7144\n10  11  2025/6/30       支出      食費    1940\n11  12  2025/6/30       支出     団体費     700\n12  13  2025/6/30       支出     通信費   23494\n13  14  2025/6/30       支出     通信費    5170\n14  15  2025/6/30       収入   生活保護費  119200\n15  31  2025/5/30       支出      食費    5042\n16  36  2025/6/30       支出      食費    3095\n17  37  2025/6/30       支出     被服費    6733\n18  38  2025/6/30       支出      食費    3095\n19  39  2025/6/30       支出      食費    2147\n20  40  2025/6/30       支出      食費    1517\n21  41  2025/6/30       支出     光熱費    6741\n22  42  2025/6/30       支出      食費    3283\n23  31  2025/5/30       支出      食費    5042\n24  36  2025/6/30       支出      食費    3095\n25  37  2025/6/30       支出     被服費    6733\n26  38  2025/6/30       支出      食費    3095\n27  39  2025/6/30       支出      食費    2147\n28  40  2025/6/30       支出      食費    1517\n29  41  2025/6/30       支出     光熱費    6741\n30  42  2025/6/30       支出      食費    3283",
  "analysis_results": {
    "descriptive_stats": {
      "basic_stats": {
        "id": {
          "count": 31.0,
          "mean": 23.483870967741936,
          "std": 15.722321643111822,
          "min": 1.0,
          "25%": 8.5,
          "50%": 31.0,
          "75%": 38.5,
          "max": 42.0
        },
        "amount": {
          "count": 31.0,
          "mean": 7833.322580645161,
          "std": 21097.306259942437,
          "min": 220.0,
          "25%": 1728.5,
          "50%": 3095.0,
          "75%": 6374.0,
          "max": 119200.0
        }
      },
      "skewness": {
        "id": -0.11861401717691603,
        "amount": 5.2393824286320365
      },
      "kurtosis": {
        "id": -1.8766259048565697,
        "amount": 28.311872696140433
      }
    },
    "paired_ttest": {
      "var1": "id",
      "var2": "amount",
      "t_statistic": -2.0609397044890234,
      "p_value": 0.04806978470911261,
      "cohens_d": -0.3701556980837233,
      "mean_difference": -7809.8387096774195,
      "n_pairs": 31
    }
  },
  "settings": {},
  "gpu_info": {
    "available": true,
    "name": "NVIDIA GeForce RTX 3080"
  }
}